{"cameraMode":{"drawMode":0,"name":"Shaded","section":"Shading Mode"},"sceneLighting":true,"audioPlay":false,"sceneViewState":{"showFog":true,"showMaterialUpdate":false,"showSkybox":true,"showFlares":true,"showImageEffects":true,"showParticleSystems":true},"in2DMode":false,"pivot":{"x":3.474048137664795,"y":3.8254852294921877,"z":-2.083220958709717},"rotation":{"x":0.2976159155368805,"y":-0.3261120617389679,"z":0.10897558182477951,"w":0.8906219005584717},"size":0.3174770474433899,"orthographic":false}