{"cameraMode":{"drawMode":0,"name":"Shaded","section":"Shading Mode"},"sceneLighting":true,"audioPlay":false,"sceneViewState":{"showFog":true,"showMaterialUpdate":false,"showSkybox":true,"showFlares":true,"showImageEffects":true,"showParticleSystems":true},"in2DMode":false,"pivot":{"x":5.994716644287109,"y":-0.32851287722587588,"z":9.278956413269043},"rotation":{"x":0.3224146366119385,"y":-0.034067075699567798,"z":0.01161178108304739,"w":0.9459145665168762},"size":2.809302806854248,"orthographic":false}