{"cameraMode":{"drawMode":0,"name":"Shaded","section":"Shading Mode"},"sceneLighting":true,"audioPlay":false,"sceneViewState":{"showFog":true,"showMaterialUpdate":false,"showSkybox":true,"showFlares":true,"showImageEffects":true,"showParticleSystems":true},"in2DMode":false,"pivot":{"x":0.9817153215408325,"y":2.834228515625,"z":7.433988571166992},"rotation":{"x":0.28598737716674807,"y":-0.5052919983863831,"z":0.18210053443908692,"w":0.793556272983551},"size":2.25765061378479,"orthographic":true}