{"cameraMode":{"drawMode":0,"name":"Shaded","section":"Shading Mode"},"sceneLighting":true,"audioPlay":false,"sceneViewState":{"showFog":true,"showMaterialUpdate":false,"showSkybox":true,"showFlares":true,"showImageEffects":true,"showParticleSystems":true},"in2DMode":false,"pivot":{"x":-4.720394611358643,"y":-3.4153804779052736,"z":3.840604782104492},"rotation":{"x":0.5298833847045898,"y":-0.2762489318847656,"z":0.187794029712677,"w":0.7795479893684387},"size":14.400078773498536,"orthographic":false}